lhs,rhs
60006000600f600050,600080600f
60006001811115,60006001
3560006000600050,3560006000
6001610120511115,60026101205110
6000806008600090,6000600060006008
6001151560016000,600160016000
60046020908102,60206080
60006101a0511115,6101a05115
60066007811015,60066000
600182019150,9060010190
600f6020908102,60206101e0
8033905080,3333
8054905014,5414
600c6020908102,6020610180
60076020908102,602060e0
316000811115,318015
6000806002600090,6000600060006002
600e81101515,80600e11
60010260001916,
036000811315,0360018112
60008073ffffffffffffffffffffffffffffffffffffffff1682,6000600082
8181111515,808210
01600060018111,0160006000
421060018114,421080
600090429082,4260009182
50600115156001,5060016001
6000826000016000,60008281
80600019167fe55393c778364e440d958b39ac1debd99dcfae3775a8a04d1e79124adf6a2d08,807fe55393c778364e440d958b39ac1debd99dcfae3775a8a04d1e79124adf6a2d08
600080805490,600080546000
80600073ffffffffffffffffffffffffffffffffffffffff16600b,806000600b
600090819083,6000809183
3360006005600090,336000806005
5113151580,511380
5043101515,504310
50600560009054,506000600554
6001826000016000,6001826000
820191506000,6000920191
600391909101,90600301
8054829190,80829154
8015919091,908115
511160008114,51118015
608051131515,60805113
806007819055,8080600755
8160006005600090,816000806005
80517306012c8cf97bead5deae237070f9587f8e7a266d906000,7306012c8cf97bead5deae237070f9587f8e7a266d81516000
503482600001,503482
546001919091,54906001
82600001600083,82600083
63deadbeef90508054,5063deadbeef8054
90206000907bffffffffffffffffffffffffffffffffffffffffffffffffffffffff,600091207bffffffffffffffffffffffffffffffffffffffffffffffffffffffff
9293909290,909293
8390919091,908391
505033600081,505033600033
9060ff680100000000000000009091,6801000000000000000060ff9192
600001546124f890,6124f89054
8093505050,925050
5191508191,8051925051
60008382600015,600083826001
9192918391,82939291
546000904290,4260009154
600083909190,60009083
90602490600990,600960249192
82908190612505,828091612505
9290921782,90921782
6109ba90429063ffffffff,426109ba9163ffffffff
806000831415,80821515
426002908155,426002556002
908190556007,8091556007
61011c906005906020,600561011c916020
908190556006,8091556006
80600760149054,806014600754
600592909255,91600555
80600c60009054,806000600c54
81600261268c9091,600261268c83
83600001600082,83600082
826000015483,825483
8060006002600090,806000806002
838160000181,838181
600154905090,5060015490
919082906000,8092916000
60026125b4909190,6002906125b4
9003919050,91500390
816005819055,8160055581
81600a819055,81600a5581
816006819055,8160065581
6103e8929161ffff90,61ffff6103e89392
8282101515,818311
9082908190,82809192
61251481600261268c90,6125148161268c6002
60010160008201,60010181
929350600092,6000939450
8094505050,930650
50600283600001,1550600283
5090505080,14105080
206000015414,205414
600d600e811015,600d6000
508260058190,5082806005
506003919091,50906003
6003546107e49083,6107e460035483
8390600a9083,600a849183
5090918290,50908092
3659905901,59593601
6005549050,50600554
8063deadbeef905080,63deadbeef63deadbeef
60008163ffffffff1610,6000
600080600c600090,6000600081600c
600181019050,600101
5060006001026000,5060006000
600d6020908102,60206101a0
80915050,9050
60056020908102,602060a0
60606060599059,6060598159
50600060048190,50600060006004
60106020908102,6020610200
60006020908102,60206000
60036020908102,60206060
60003413156049,600134126049
6000151560086000,6000600881
5161011c90600590,600561011c9151
90506000600102,90506000
60805160009035,600060805135
6000806007601490,6000600060146007
504260029081,5060024281
819055506006,556006
336040805190,336040516040
91506000600102,91506000
80600073ffffffffffffffffffffffffffffffffffffffff166008,8060006008
9060001015610b2a,9015610b2a
50600960009054,506000600954
8260026125b49091,60026125b484
600082146109c7,81156109c7
80600b819055,8080600b55
516001919091,51906001
9033907f2d02e423de531208beb4f472c3dc736ffa9c141c9779e987230974ed64b0a8f090,7f2d02e423de531208beb4f472c3dc736ffa9c141c9779e987230974ed64b0a8f0339192
602580548291,806025546025
8383111515,828410
7306012c8cf97bead5deae237070f9587f8e7a266d9060001015,157306012c8cf97bead5deae237070f9587f8e7a266d90
60006005819055,60006005556000
50600183600001,50600183
90506005600090,905060006005
16600b60009054,166000600b54
508160000151,508151
338260001515,33826000
805163ffffffff6801000000000000000090,80516801000000000000000063ffffffff
600001519150,519150
60006000341115,60003415
5491929183,54829392
6020919091,906020
50600073ffffffffffffffffffffffffffffffffffffffff166007,5060006007
3317908190,33178091
600990839083,8260099183
60006006805490,60006006546006
60008260405190,600060405183
508060078190,5080806007
806000015191,805191
60008060008314,6000808215
600050828154,828154
60075460009042,600060075442
909155506001,6001925550
600a90839083,82600a9183
915081600001,809250
612aeb90600c906003,600c612aeb916003
600001549050,549050
60006001549050,600154
610132906006906020,6006610132916020
50600015156008,5060006008
606091908290,606060609291
600001541480,541480
816040805190,816040516040
5550600073ffffffffffffffffffffffffffffffffffffffff16,55506000
8054905082,5482
600090612aeb90600c,612aeb600091600c
5090505081,50015081
80600a60009054,806000600a54
60010160000181,60010181
4290829081,81429183
508060000151,508051
60003382600015,600033826001
6000151560016000,6000600181
548091906001,5490816001
6004549050,50600454
82600015156008,8260006008
60026000505410,60025410
9392908390,93809391
508160068190,5081806006
9042908290,80429192
600b80548490,600b838154
60000160008473ffffffffffffffffffffffffffffffffffffffff,60008473ffffffffffffffffffffffffffffffffffffffff
517f401968ff42a154441da5f6c4c935ac46b8671f0e062baaa62a7545ba53bb6e4c60029092,5160027f401968ff42a154441da5f6c4c935ac46b8671f0e062baaa62a7545ba53bb6e4c92
600054909150,9050600054
600b6008905490,600b546008
600180018054,6002600254
600180811115,60016001
50600160209081,50602060016020
5081915050,5050
60001a60008114,60001a8015
50600060018111,5060006000
016001808111,0160016000
600073ffffffffffffffffffffffffffffffffffffffff163073ffffffffffffffffffffffffffffffffffffffff,60003073ffffffffffffffffffffffffffffffffffffffff
60006002811115,60006001
60086020908102,6020610100
9150819150,9150
60016020908102,60206020
50600060058190,506000806005
600a6020908102,6020610140
60006000508281,60008281
600080600a600090,600060006000600a
60036001018054,6004600454
4262127500600f600050,4262127500600f
6000600060005082,6000600082
01600060028111,0160006000
600781101515,80600711
600f6000505442,600f5442
600e6020908102,60206101c0
600b6020908102,6020610160
33141515610480,3314610480
83600001600084,83600084
8090502055,2055
50600073ffffffffffffffffffffffffffffffffffffffff1630,50600030
431160008114,43118015
60233560a09081,60a060233560a0
600680549050,600654
838260001515,83826000
80836000016000,80836000
5433141515,543314
3391909116,903316
50600073ffffffffffffffffffffffffffffffffffffffff16600a,506000600a
5161013290600690,60066101329151
60405133906001,336040516001
9192909183,82939192
600a91909155,90600a55
60000151600160a0,51600160a0
036000811115,038015
16600960009054,166000600954
205460001916,2054
8090502054,2054
3360096125149091,600961251433
33907f06266bacf8d46ee87b344c760fb2f61faa20a87f863df33f890d8e975e01dcae906000,7f06266bacf8d46ee87b344c760fb2f61faa20a87f863df33f890d8e975e01dcae33916000
03600260005054,03600254
826000015414,825414
60008083600001,60008083
6000151560076000,6000600781
5080600b8190,508080600b
9092908301,81939101
600790839083,8260079183
506000821480,50811580
600093909216,9160009316
600454909150,9050600454
6009612c4e909291,90612c4e600992
600e90839083,82600e9183
8190839081,82829184
9050905090,91185090
6000600560009054,60006000600554
5060115461010090,50610100601154
82600001516001,82516001
8083101515,828111
6005600360009054,60056000600354
016000016014610100,016014610100
80600260009054,806000600254
6001836124f89091,826124f86001
9081908390,828192
36926101449190,610144903693
604081208390,8260408220
601c6040599059,601c59604059
819083906601000000000000,8282916601000000000000
602b5433906001,33602b546001
8054809190,80549081
610dcb33600961251490,610dcb336125146009
80600073ffffffffffffffffffffffffffffffffffffffff1685,80600085
3390921680,91331680
91929160e084,60e0839493
9050505043,50505043
600014158015,6000108015
6110b36001836124f890,6110b360016124f884
600660c060405190,600660405160c0
600560a060405190,600560405160a0
60606001800180,606060026002
600860006007600090,6008600060006007
600060056003600090,6000600560006003
60026020908102,60206040
166000148015,16158015
8080549050,8054
166000141580,1660001080
6060600360010180,6060600480
60008113156110c4,806001136110c4
6009806020026040,60096101206040
610a9a6000341115,610a9a3415
60096020908102,6020610120
816000018190,8082
60008114611a32,8015611a32
60066020908102,602060c0
60000160008282,60008282
50606060605990,5060605981
8192505050,509050
504360028190,5043436002
506001919091,50906001
61036051141515,6103605114
600183831014,828210
339050803b,5033333b
3390911614,90331614
829050806001,5081826001
601482828290,6014828183
81600001556020,81556020
604051339030,3360405130
42036002600050,42036002
81906113d59082,6113d5829182
5481903390,33829154
9061335f919061338a,61335f9161338a
600154612a1d9091,612a1d60015491
439190600990,6009439291
206000015490,205490
6002546000906001,60006002546001
60016006805490,60016006546006
5061186f6007600090,5061186f60006007
60029081556001,60025560026001
348260000154,348254
6000600f60005054,6000600f54
9092508211,81935010
506109fa6006600090,506109fa60006006
60409020600290,604060029120
803560a09081,60a0813560a0
600754909150,9050600754
80835550611157,8255611157
80600860009054,806000600854
81846000016000,81846000
9293919291,919293
6000612d8c9190613341,612d8c906000613341
909155600e90,600e9255
9390929083,93819391
6004546000906001,60006004546001
6801000000000000000090849081,83680100000000000000009181
5090919091,509190
600019167fe55393c778364e440d958b39ac1debd99dcfae3775a8a04d1e79124adf6a2d0884,7fe55393c778364e440d958b39ac1debd99dcfae3775a8a04d1e79124adf6a2d0884
50600660009054,506000600654
60068054600091,60006006546006
9050915050,92505050
518160000155,518155
2081906113d590,206113d58291
905050806004,1150806004
8190509291,50809291
5083908390,50828491
600961012060405190,6009604051610120
5161213190600390,60036121319151
600c8160001916,600c81
84600001600085,84600085
806000015490,805490
60001916816000,816000
826000191614,8214
60003382611c2482,60003382611c2433
826009612cb59091,6009612cb584
600080849250,508160006000
600780548490,6007838154
90016000846001,016000846001
600191909101,90600101
9391929183,93829392
600019161491,1491
816000191614,8114
600d5460009033,6000600d5433
5060019050,50506001
20600001601090,20601090
801560018114,801580
600080819150,60006000
600060011515600d,60006001600d
805150506000,506000
6033806020026040,60336106606040
600060208190,6000806020
906000908190,906000600091
60008260001916,600082
808360001916,8083
601580151561079c,6015600161079c
60015460009043,600060015443
60002060000180,60002080
600a819055,80600a55
600760e060405190,600760405160e0
600290810190,6002016002
600c819055,80600c55
846000191681,8481
6008819055,80600855
600085840310,6000
8073aaed2224d17326c9b710925f075dce1e2bbc77df633f48b1ff9091,73aaed2224d17326c9b710925f075dce1e2bbc77df633f48b1ff82
30319050,503031
805160015490,6001548151
61011080548290,610110818154
8054905011,5411
600c90805190,8051600c91
600b90805190,8051600b91
600090506101376004,5060006101376004
507f3fb30ddd072c45a28be4d0301b4bc031e36239e9cf4f571fff85930c3aac510d60009081,5060007f3fb30ddd072c45a28be4d0301b4bc031e36239e9cf4f571fff85930c3aac510d6000
60606000368080,60606000363636
5481901080,54811180
508060108190,5080806010
600c5460001916,600c54
60015533600090,600155600033
60055433600090,600554600033
8183038201,82
908190556000,8091556000
0151141515,015114
8260006119109091,600061191084
8181018390,82818301
9101359050,500135
508060000180,508081
80600080600090,806000600080
6002829055,81600255
60409020600190,604060019120
80600060055491,600554600082
9190829051,80929151
600a8190556004,600481600a55
600136039050,5060013603
826000015183,825183
60048190556040,604081600455
9193919291,929193
6117e4606060405190,6117e46040516060
906008906801000000000000000090,6801000000000000000060089192
6008600085600001,6008600085
508281600190,5082600182
546301000000918290,546301000000630100000092
600890839083,8260089183
6001546107889083,61078860015483
80600c908051,600c818051
61121b82600061191090,61121b826119106000
806000808492,8160008083
9063ffffffff904290,904263ffffffff91
8251918290,82518092
82901080610562,821180610562
935083600001,80941550
60008660001916,600086
349060009081,6000349181
600085840314,828514
600001549250,549250
60026040805190,60026040516040
600d6001905490,600d546001
9390928391,81939094
816040519081,6040518281
6003606060405190,60036040516060
83600073ffffffffffffffffffffffffffffffffffffffff1681,83600081
6000543373ffffffffffffffffffffffffffffffffffffffff90,60005473ffffffffffffffffffffffffffffffffffffffff33
902081906113d5,8291206113d5
8083600073ffffffffffffffffffffffffffffffffffffffff16,80836000
518051600090,5160008151
6009612514909190,600990612514
6000206000016010,6000206010
600019161415,1415
600019161015,1015
5080600c9080,50600c8182
80600160009054,806000600154
5490509050,54911150
6001826114c09091,816114c06001
905533600090,6000915533
60001916836000,836000
806000191683,8083
6108d86001826114c090,6108d860016114c083
543490600090,5460003491
80546117009190,611700908054
8082208290,81818120
60045460009042,600060045442
600080603f016000,6000603f6000
816001019150,9060010190
80600001816001,80806001
60008360001916,600083
3490810190,340134
1560011480610775,1580610775
600b819055,80600b55
600d819055,80600d55
508060000181,508081
9190910181,81920190
600090339060a0,3360009160a0
4290910190,90420190
819033906001,3382916001
6000839055,82600055
8082600073ffffffffffffffffffffffffffffffffffffffff16,80826000
50606060003680,50606060003636
610868604060405190,6108686040516040
600c81905550,600c55
60000154816002,54816002
9081903390,338192
611340816000611ced90,61134081611ced6000
50600060019050,506001
90819060ff80,809160ff60ff
846000191683,8483
346006546114a290,346114a2600654
6007819055610741,61074181600755
546000903390,3360009154
600043905090,4390
60056002905490,6005546002
5050905050,50505050
81600073ffffffffffffffffffffffffffffffffffffffff1681,81600083
90819055600a,809155600a
5467ffffffffffffffff919091,549067ffffffffffffffff
82907f29ef13d2827ff333d3fde4646988c3a7db16de1210f0c0b613fd0ac9773e4e7b906000,7f29ef13d2827ff333d3fde4646988c3a7db16de1210f0c0b613fd0ac9773e4e7b83916000
90604090600890,600860409192
909120600390,6003919220
5442910181,5401429042
909216916000,6000931692
918290206007,8092206007
42608060020a90,608060020a42
600c54905090,50600c5490
6001602060405190,60016040516020
600180548390,600182600154
81815167ffffffffffffffff91,67ffffffffffffffff815183
9182902090,80922090
7fb90306ad06b2a6ff86ddc9327db583062895ef6540e62dc50add009db5b356eb8160405190,7fb90306ad06b2a6ff86ddc9327db583062895ef6540e62dc50add009db5b356eb60405182
544367ffffffffffffffff9081,5467ffffffffffffffff4367ffffffffffffffff
600a61014060405190,600a604051610140
612131906003906020,6003612131916020
9290918291,92918192
60889063ffffffff9042,63ffffffff60889142
1617908190,16178091
905560098190,8291556009
81600360009054,816000600354
805460009190,6000908054
6000151560a6,600060a6
80600001600090,600081
60006000821115,60008115
6000806001600090,60006000816001
600d81905550,600d55
829050,5081
50806000016000,50806000
600780549050,600754
735a3b751f678656403ebd80d611dde3b39ca0752c6366098d4f909183,6366098d4f735a3b751f678656403ebd80d611dde3b39ca0752c9183
819050612052,5080612052
6000600102826000,6000826000
600b5434906000,34600b546000
819055506003,556003
902060019055,6001912055
80600201601090,601060028201
8190555043,5543
91901015611a76,911115611a76
508460001916,5084
2080549050,2054
2054819011,20548110
6000601260ff16600a,60006012600a
600060006002601490,6000600060146002
806000015481,805481
60018054600091,60006001546001
600090819055,600090556000
8060011515600d,806001600d
9091829190,8192
808460001916,8084
600160338110612e1a,60016001612e1a
546000141515,5415
60008060011515,6000806001
8191509250,9250
8081915092,8092
600001808054,808154
206000018190,208190
816000905490,81546000
80600060055490,806005546000
8160020a9050,508060020a
546000929092,54916000
600091901015,1060009015
902082600001,902082
80600a60019054,806001600a54
3d604051816000,3d6040513d6000
60055460009033,600060055433
9190915580,81929055
5182907f29ef13d2827ff333d3fde4646988c3a7db16de1210f0c0b613fd0ac9773e4e7b90,517f29ef13d2827ff333d3fde4646988c3a7db16de1210f0c0b613fd0ac9773e4e7b8391
604051909150,9050604051
6000600c549050,600c54
516000908155,516000556000
60000180546001,80546001
9091169081,8216809250
60088190556001,600181600855
6000611910909190,600090611910
908190556009,8091556009
836000611c0c9091,6000611c0c85
61193090929190,9190611930
60009081556001,60005560006001
60045460009033,600060045433
600480548290,6004818154
5061028b919091,509061028b
1667ffffffffffffffff919091,169067ffffffffffffffff
600c9181906020,80600c926020
600084600073ffffffffffffffffffffffffffffffffffffffff16,60008481
600281905580,8080600255
6000611930909291,90611930600092
8054349081,34815434
7f562c0fa7c3b5d28cc96e8ecc1bc4f017354420fe9eaadbe11f0d93dfe69664ba80549190,7f562c0fa7c3b5d28cc96e8ecc1bc4f017354420fe9eaadbe11f0d93dfe69664ba54907f562c0fa7c3b5d28cc96e8ecc1bc4f017354420fe9eaadbe11f0d93dfe69664ba
8291859081,84839281
600160208190,6001806020
9042908115,9042904215
60006005549150,506005546000
5090918291,50819290
5460001480610609,541580610609
9020905080,91502080
6003546000906001,60006003546001
81600c819055,81600c5581
7fff80ee77c85d9a66d44e11d38886b3f07748e818eaeb0660b75706962d0f56d5816003600090,7fff80ee77c85d9a66d44e11d38886b3f07748e818eaeb0660b75706962d0f56d58160006003
16670100000000000000918290,1667010000000000000067010000000000000092
805161ffff9093,61ffff815193
815460009290,8160009254
82517f48335238b4855f35377ed80f164e8c6f3c366e54ac00b96a6402d4a9814a03a59084,7f48335238b4855f35377ed80f164e8c6f3c366e54ac00b96a6402d4a9814a03a5835184
600034111515,60003411
54600019166000,546000
504360118190,5043436011
600001549080,549080
806010819055,8080601055
6000015460086000,5460086000
208160001916,2081
806007805490,806007546007
9283905590,80935590
80600201600090,600060028201
815467ffffffffffffffff9190,67ffffffffffffffff908254
60011515600d6001,6001600d6001
60011515600d6000,6001600d6000
15600181146103d0,15806103d0
600080600a600190,600060006001600a
3090911681,90301681
805160009081,6000815181
909116906000,6000921691
805460ff9081,60ff815460ff
80600990602082,60098160206009
63ffffffff90429081,4263ffffffff9142
600b54610eed9190,610eed90600b54
206000018080,208081
6000015460056000,5460056000
2091909101,20909101
805460009091,6000815491
60020a908190,60020a8091
60002060000181,60002081
9182905590,80919255
806000018054,808054
8084038410,838111
8190849081,83829185
60009050611611670de0b6b3a7640000,506000611611670de0b6b3a7640000
60085460009042,600060085442
9092839183,92819383
805161184a90600b,61184a8151600b
91600c918190,9180600c92
8060009050611611,6000611611
600581905561220e,61220e81600555
600254909150,9050600254
60405182907f29ef13d2827ff333d3fde4646988c3a7db16de1210f0c0b613fd0ac9773e4e7b,816040517f29ef13d2827ff333d3fde4646988c3a7db16de1210f0c0b613fd0ac9773e4e7b
6000546106749083,61067460005483
906004908290,8060049192
0192909201,01909201
600c6001905490,600c546001
919283926064,9282936064
9020909150,91925020
909190826080,8192916080
206000016000610100,206000610100
553360009081,5560003381
61010380549091,6101035461010391
610c5f9033906001,33610c5f916001
908190207f6d0d137345b2370af2f5ac7f9b3f4b13a25f0d552b2f16754f20131045607606,8091207f6d0d137345b2370af2f5ac7f9b3f4b13a25f0d552b2f16754f20131045607606
839260449092,6044849392
600b91909155,90600b55
16600660009054,166000600654
909120600b90,600b919220
03611a43909190,0390611a43
600680549091,600654600691
546000908490,8360009154
908190206003,8091206003
543373ffffffffffffffffffffffffffffffffffffffff9081,5473ffffffffffffffffffffffffffffffffffffffff3373ffffffffffffffffffffffffffffffffffffffff
346007546116fc90,346116fc600754
9190919082,909182
5490919091,549190
601f3d908101,3d601f3d01
6116f181836116fc90,6116f1816116fc84
60008060008090,60006000600082
308116600090,6000308216
80600490602082,60048160206004
600080821415,6000808211
6020601f919091,602090601f
6000806001601490,6000600060146001
1581151514,15811518
101515610d8b,10610d8b
9091508114,81925014
600082600073ffffffffffffffffffffffffffffffffffffffff16,6000826000
60608060405190,60606040516060
600182028301,818301
806004819055,8080600455
600180549091,600154600191
9291909190,929091
60015461122a9082,61122a60015482
60066002905490,6006546002
6003905490610100,546003610100
60011415156114a6,6001146114a6
8190819042,81829142
9091829184,91819284
6108fc83908115,826108fc8115
8054819060ff,80805460ff
918290206002,8092206002
6000811015611199,6001611199
60008060009050,600080
600290829080,8181600292
9050905080,91175080
5442613afb9091,613afb429154
9283929190,91908293
9092505050,50915050
600790805190,8051600791
60079181906020,806007926020
8051610d5e906007,610d5e81516007
513360009081,516000336000
600a8190556007,600781600a55
2054141515,205414
546001546107cb90,546107cb600154
806005819055,8080600555
604051339082,3360405182
905060008314,90508215
9092919091,919092
836001820283,838183
6000849055,83600055
604090204290,6040429120
600081141580,6000811180
600a613b9261ffff1602,620253b4
4381111515,438111
8317918290,83178092
8060006006600090,80600060006006
9192919091,909192
80600460009054,806000600454
6000600a613b9261ffff16,6000600a613b92
51600090606090,516060600091
916007918190,9180600792
9182919084,90819284
9384939290,92918394
613cb192339290,3391613cb193
916001918590,9184600192
60609061139c906001,61139c6060916001
6040516000906060,60006040516060
805461163b906001,61163b81546001
5090915050,16509050
60209190600490,906004602092
600154909190,90600154
9293849384,83949084
517f41215aff8c294dab52583f38146756951783ca3d8b887e22e03f4b276d02606c91602090,5160207f41215aff8c294dab52583f38146756951783ca3d8b887e22e03f4b276d02606c92
6000600760009054,600080600754
82907f1626ba7e0000000000000000000000000000000000000000000000000000000090613110,7f1626ba7e000000000000000000000000000000000000000000000000000000008391613110
206001600b9092,20600b600192
8190611aa7906001,611aa782916001
806007908051,6007818051
80600091506000,60009081
6000806004600090,60006000816004
506000821015,506001
600681905550,600655
6000811061072d,600061072d
3411151515,341115
600015158215,60008215
600073ffffffffffffffffffffffffffffffffffffffff163373ffffffffffffffffffffffffffffffffffffffff,60003373ffffffffffffffffffffffffffffffffffffffff
60008060009150,60006000
905080600001,905080
60058190806001,80600560056001
506126a4909190,50906126a4
60066003905490,6006546003
611a886000851480,611a88841580
60029190910a,9060020a
9290921717,90921717
90919091610100,9190610100
906002908290,8060029192
60000154602c54,54602c54
5190505050,505050
610e03838361171b90,610e038361171b84
51613afb909190,5190613afb
61184a90600b906020,600b61184a916020
8051919091,908151
90600202016000,8101016000
508360018202,508381
508060048190,5080806004
50806014600090,508060006014
6000151560046000,600060046000
8382906000,81846000
81516125409190,612540908251
8191505091,5091
8082019150,90810190
5191909101,51909101
600160006004600090,6001600060006004
6000196fffffffffffffffffffffffffffffffff1690,6fffffffffffffffffffffffffffffffff90
80600860159054,806015600854
82600073ffffffffffffffffffffffffffffffffffffffff1681,82600081
90506001600090,905060006001
600180549190,600154906001
80600660009054,806000600654
3090911690,90301690
9093505050,50921250
905560058190,8291556005
8083915082,829082
600082925081,600081
806000829250,806000
60008060008292,600060008081
9082907f1626ba7e0000000000000000000000000000000000000000000000000000000090,7f1626ba7e00000000000000000000000000000000000000000000000000000000839192
506000841015,506001
600080839150,816000
600391909155,90600355
81836116fc9091,826116fc83
508060079080,5060078182
600183915091,5081600191
55600460009054,556000600454
9391829190,93908192
600854909150,9050600854
9250819150,9250
8292508191,81
819050806001,5080816001
60006001549091,600154600091
5182925081,5181
9091169091,8216915091
603354909150,9050603354
600001548382,54838292
5161184a90600b90,600b61184a9151
6000806006600090,6000600060006006
8042111515,804211
600a60006004600090,600a600060006004
600a60006007600090,600a6000806007
8181101515,818110
600115158115,60018115
8060006001600090,806000806001
600f80548290,600f818154
801515156111f8,80156111f8
600f60209081,6020600f6020
8090509150,9150
918290,8092
8054905081,5481
6000806008601590,6000600060156008
819055506009,556009
91206001600b90,9120600b6001
8080905091,8091
83613afb909190,8390613afb
8190429010,42829110
600082511115,815115
611a3190349063ffffffff,34611a319163ffffffff
600080809050,60006000
54600060328190,54600060006032
506030805490,506030546030
506001151581,50600181
8190555032,5532
6004905490610100,546004610100
8251101515,825110
16600860009054,166000600854
16600460009054,166000600454
50600073ffffffffffffffffffffffffffffffffffffffff1681,50600081
517f0100000000000000000000000000000000000000000000000000000000000000908190,7f01000000000000000000000000000000000000000000000000000000000000007f01000000000000000000000000000000000000000000000000000000000000009151
9050600073ffffffffffffffffffffffffffffffffffffffff16,90506000
600281905550,600255
600a60006006600090,600a600060006006
9081904290,428192
600c6101a060405190,600c6040516101a0
50600073ffffffffffffffffffffffffffffffffffffffff1683,50600083
8290508173ffffffffffffffffffffffffffffffffffffffff,50818173ffffffffffffffffffffffffffffffffffffffff
42829010611430,814210611430
8255809150,819255
80600160149054,806014600154
82141515615b92,8214615b92
336040518082,336040518033
611663613b9261ffff166005,611663613b926005
1680151515,168015
918290206009,8092206009
600060011515610fad,60006001610fad
600082141515,8115
9291909116,92909116
9091929091,919290
0142101515,014210
805160335490,6033548151
0333908116,0333903316
9050809250,92135081
610d5e906007906020,6007610d5e916020
902060009054,6000912054
9150809050,9150
606093909290,91606093
0151829250,0151
8191508090,80
600090919290,90916000
5081915080,5080
906c01431e0fae6d7217caa0000000908290,806c01431e0fae6d7217caa00000009192
9055600a8190,829155600a
600001518361135b,518361135b
612bf88185600001,612bf88185
6000339050600b,33600b
8284611c059091,83611c0584
602480359092,602435602492
91908190612945,918091612945
600980548490,6009838154
505080600790,1650600781
9190915055,509055
83101515611a16,8310611a16
54600102826040,54826040
600080548390,6000828154
9082905590,91809155
80600590602082,60058160206005
7f8173832a493e0a3989e521458e55bfe9feac9f9b675a94e100b9d5a85f81486290829051,51817f8173832a493e0a3989e521458e55bfe9feac9f9b675a94e100b9d5a85f81486291
600954610ed99083,610ed960095483
1515141515,151514
4211151515,421115
8392919091,908392
806000809054,806000600054
8060006008600090,80600060006008
600690805190,8051600691
50601460009054,506000601454
60005460010282,60005482
5142613afb9091,51613afb4291
909117906001,6001921791
806002908051,6002818051
016000820151,018151
6000906c01431e0fae6d7217caa00000009082,6c01431e0fae6d7217caa00000006000916000
511415156117c8,51146117c8
1615151515,161515
50600b60009054,506000600b54
9250600073ffffffffffffffffffffffffffffffffffffffff16,92506000
600181905550,600155
7f41215aff8c294dab52583f38146756951783ca3d8b887e22e03f4b276d02606c9160209082,60207f41215aff8c294dab52583f38146756951783ca3d8b887e22e03f4b276d02606c9282
600060086000506000,600060086000
600760005060006002,600760006002
60076000506020,60076020
6000206000506000,6000206000
6009600050600033,6009600033
54606090600090,600060609154
60006000505481,60005481
806040519081,6040518181
600190805190,8051600191
60016000505481,60015481
600980549290,600954916009
5090905490,505490
6000600660009054,60006000600654
806001908051,6001818051
5460076000506000,5460076000
8282505403,825403
5054101515,505410
600f81905550,600f55
15156011600090,60001060006011
908190,8091
601081905550,601055
9092171717,17179017
919091506000,50906000
806014905490,80546014
600e54141515,600e5414
9091909150,905090
60006040805190,60006040516040
600580549050,600554
6101009050604051,50610100604051
51610d5e90600790,6007610d5e9151
508181600001,508181
8051505050,5050
5180515050,50
604051805150,604051
80600060149054,806014600054
9290919091,929190
8390839051,82849151
206000505490,205490
16600a60009054,166000600a54
610add8284611c0590,610add82611c0585
60066004905490,6006546004
600033610e9681610d5e,600033610e9633610d5e
80600854600014,8060085415
5090925050,16509150
73854d359a586244c9e02b57a3770a4dc21ffcaa8d90508073ffffffffffffffffffffffffffffffffffffffff,5073854d359a586244c9e02b57a3770a4dc21ffcaa8d73854d359a586244c9e02b57a3770a4dc21ffcaa8d73ffffffffffffffffffffffffffffffffffffffff
8254839190,82908354
6007600050600085,6007600085
600080600a601490,600060006014600a
81905550600e,55600e
60c090519081,5160c081
8290519081,518281
50638d8b1b8890600090,506000638d8b1b8891
808220600190,6001818320
9082905190,905182
600e6000905490,6000600e5490
8193505050,509150
60145460009033,600060145433
9060c0905190,905160c0
600060096000506000,600060096000
6000141515613634,15613634
8091505090,905090
80601460009054,806000601454
6007600050600033,6007600033
016001151581,01600181
600090805190,8051600091
50600460005054,50600454
803390506000,336000
6006600001601e90,601e6006
600080339050,600033
600554909150,9050600554
8060006013600090,80600060006013
600050819055,819055
81905550600a,55600a
33905060086000,503360086000
9050600b600090,90506000600b
6000821480610c29,811580610c29
600580548290,6005818154
60066000820151,60068151
600c80548290,600c818154
60005060008373ffffffffffffffffffffffffffffffffffffffff,60008373ffffffffffffffffffffffffffffffffffffffff
60003390506008,336008
60075460009033,600060075433
016000151581,01600081
60076000600d600090,600760006000600d
6001151560116000,600160116000
600014151515,600010
6000816009600050,6000816009
9192918290,91928092
9050348190,90508034
60f060020a61ffff90,61ffff60f060020a
902060029081,600291206002
50600d60009054,506000600d54
60076000600c600090,600760006000600c
50600e60009054,506000600e54
9217919091,919217
81905550600c,55600c
7f8c5be1e5ebec7d5bd14f71427d1e84f3dd0314c0f7b2291e5b200ac8c7c3b92591905190,517f8c5be1e5ebec7d5bd14f71427d1e84f3dd0314c0f7b2291e5b200ac8c7c3b92591
166000141515,1615
50600054600102,50600054
50600a60009054,506000600a54
6000600260009054,60006000600254
81905550600b,55600b
806000908051,6000818051
600580549290,600554916005
506000820151,508151
8590505050,5050
9250600e600090,928003600e
91016118bd9190,906118bd9201
50600115156011,5060016011
6006546000906001,60006006546001
600050548201,548201
915060008201,809250
6000806000601490,6000600060146000
6000816007600050,6000816007
6000831480610bf2,821580610bf2
018054600190,0160018154
9192918291,83929391
9083908190,83809192
6008546110c89190,6110c890600854
9083905190,905183
5580915050,559050
5060085461010090,50610100600854
156001148015,158015
151560011480,60001080
7fd82e4273ca71de0024aece65309941bf92bf97c355ca08ed03de5d18c09b381891650100000000009091,650100000000007fd82e4273ca71de0024aece65309941bf92bf97c355ca08ed03de5d18c09b38189291
508160039080,5060038283
339050600b6000,5033600b6000
90905490610100,5490610100
60008201600090,600082
600954141515,60095414
9150909054,915054
9081902090,80912090
81600082016000,81816000
60008201601690,601682
51816000016001,51816001
90836c010000000000000000000000009081,906c010000000000000000000000008481
50816007600050,50816007
600d80549050,600d54
60086000820151,60088151
60016000508190,806001
8282825054,828254
600091509090,60009150
60006001541115,60015415
81600160005081,81600183
600034905080,3434
1663c170fd54348390,1663c170fd548234
600090811015,60009015
5060006002600090,50600060006002
1660086000506000,1660086000
60086000506020,60086020
602480359091,602435602491
7fea11e00ec1642be9b494019b756440e2c57dbe9e59242c4f9c64ce33fb4f41d99160ff9190,60ff907fea11e00ec1642be9b494019b756440e2c57dbe9e59242c4f9c64ce33fb4f41d992
6000813b9081,803b600081
600290805190,8051600291
346040518082,346040518034
6000505460076000,5460076000
601880549092,601854601892
9063a055d455903490,903463a055d45591
600060076000506000,600060076000
6001906105d2906001,6105d26001916001
600050549050,549050
60046000505482,60045482
60066000905490,6006546000
600036905014,3614
60076000600a600090,600760006000600a
60076000600b600090,600760006000600b
4210151515,421015
600e81905550,600e55
206000508190,208190
929092176000,9092176000
60011515610fad611ecd,6001610fad611ecd
9050505080,12115080
8290829081,81839181
540160018190,5401806001
82816140db9190,6140db8382
90917f8c5be1e5ebec7d5bd14f71427d1e84f3dd0314c0f7b2291e5b200ac8c7c3b9259190,7f8c5be1e5ebec7d5bd14f71427d1e84f3dd0314c0f7b2291e5b200ac8c7c3b9259192
546001906105d290,546105d2600191
9182902091,80922091
816000015414,815414
8054908290,81815491
600c5460009082,6000600c5482
600080548290,6000818154
33600a6000826040,33600a6000336040
016000811115,01809015
905060405190,6040519150
83600860008201,83600885
5150505050,50505050
90206001600290,902060026001
600050600060026000,600060026000
9033908490,90833391
61ffff60f060020a90,60f060020a61ffff
918290206040,8092206040
806001019050,600101
60008201600190,600182
9190910182,90910182
60008201600290,600282
60008201600c90,600c82
819020600290,8160029120
60000160026101000a,60026101000a
8490849084,83859184
600c905490610100,54600c610100
600082828250,60008282
60005060003373ffffffffffffffffffffffffffffffffffffffff,60003373ffffffffffffffffffffffffffffffffffffffff
9190839011,91908310
60088190556040,604081600855
60002060005081,60002081
9081901015,90811115
506000908190,5060008091
60066001905490,6006546001
905060008090,905060006000
01600001600090,01600090
600390805190,8051600391
919091176001,9091176001
60006004541115,60045415
8151919291,81929151
6000600460005054,6000600454
9019919091,919019
339050816006,5033816006
60018360000151,60018351
60003390506000,336000
909116906001,6001921691
9082908290,82908092
80600a60149054,806014600a54
600a80548290,600a818154
600b80548290,600b818154
4292018290,4292014290
5481518290,54818251
9290921790,90921790
600181810190,600181016001
60000154816001,54816001
818160000154,818154
339050600080,5033600080
518290600690,5160068391
501415156106c7,50146106c7
9190911782,90911782
518290600790,5160078391
60005060008473ffffffffffffffffffffffffffffffffffffffff,60008473ffffffffffffffffffffffffffffffffffffffff
805161210990600a,6121098151600a
3390911690,90331690
9050141515,905014
909182916122ef,8192906122ef
829060029081,600283916002
7fcb9d6176c6aac6478ebb9a2754cdce22a944de29ed1f2642f8613884eba4b40c90339084,337fcb9d6176c6aac6478ebb9a2754cdce22a944de29ed1f2642f8613884eba4b40c9184
600291909155,90600255
8051612109906009,61210981516009
7fbecce9a2928a6d9bbe3755bd02387af9dbe05d1ecfa05028c33d7245e24a860c8260000154,7fbecce9a2928a6d9bbe3755bd02387af9dbe05d1ecfa05028c33d7245e24a860c8254
601554614b3a9190,614b3a90601554
829060059081,600583916005
6008600050600085,6008600085
541415156118bd,54146118bd
60135460008290,601354816000
60045433600090,600454600033
9190519081,9181519151
839160009190,6000908492
600a5460009033,6000600a5433
9050509050,50509050
166000809054,166000600054
60001515600a6000,6000600a6000
8083208390,82818120
3d80600084,3d3d600084
638d8b1b88906000906040,6000638d8b1b88916040
806009819055,8080600955
8301928390,83018093
601d8190556013,601381601d55
5034600014,503415
60095460009033,600060095433
5059368101,5059365901
6148fa91906148ee90,906148ee6148fa92
60056006811015,60056000
3410151515,341015
600491610c649190,610c6490600492
80600073ffffffffffffffffffffffffffffffffffffffff1681,80600082
60015462ed4e009042,62ed4e0060015442
859550,
600001601e9054,601e9054
600001818151,818151
166003808111,1660036000
16600760009054,166000600754
902060049081,600491206004
816000016002610100,816002610100
902060039081,600391206003
1681901161116c,16811061116c
60008114156112f3,8015156112f3
600581101515,80600511
6006806020026040,600660c06040
809150600090,9050600081
20016000016000,20016000
7f500e72a0e114930aebdbcb371ccdbf43922c49f979794b5de4257ff7e310c7468160000151,7f500e72a0e114930aebdbcb371ccdbf43922c49f979794b5de4257ff7e310c7468151
600880548290,6008818154
60008460001916,600084
829060019081,6001839181
518290600290,5160028391
600e80548290,600e818154
16600160038111,1660016000
51816000016002,51816002
5060065461210c90,5061210c600654
816000018181,818181
600a60208190,600a600a6020
806000831115,808215
60008091506000,506000806000
518290600590,5160058391
516000908290,8160009151
806000809150,600080
60008060008091,60006000600080
602080832090,602082206020
612109906008906020,6008612109916020
42613fb9909190,4290613fb9
508051602090,5060208151
60000160016101000a,60016101000a
81906142a29084,6142a2829184
805160009082,6000815182
600080191681,600081
9350908190,93508091
9020600a9081,600a9120600a
67016345785d8a000083938501,67016345785d8a0000848401
8061016060405190,80604051610160
60011515600a6000,6001600a6000
600080821080,6000806000
806004359150,60043590
600d90805190,8051600d91
8390519081,518381
016000801916,016000
50600760009054,506000600754
9183018290,83819301
7f20a3e2dd35f58e582c5288344c035e137cace924bb9daf3762b8ef5a58327e26819055600c,600c817f20a3e2dd35f58e582c5288344c035e137cace924bb9daf3762b8ef5a58327e2655
60008060043591,600435600080
5480929190,54919082
8390819010,83809110
50600860009054,506000600854
600e60209081,6020600e6020
6000191660026003,60026003
60000160009054,60009054
600193909355,92600155
600780548290,6007818154
829060009081,600083916000
805460009081,600081546000
51600019166002,516002
50611e1360008090,50611e13600080
5161210990600890,60086121099151
60026040519080,60405160026002
5481906142a290,6142a2829154
825183906006,8283516006
80600d908051,600d818051
60036005811015,60036000
6000806009600090,60006000806009
6000191660006003,60006003
905060008114,90508015
600c60209081,6020600c6020
6004808060a001,6004600460a4
60003411156101c4,34156101c4
600080600f600090,6000806000600f
51600019166000,516000
8391505081,50508181
600260006011600090,6002600060006011
600081830190,8181016000
9182918291,80918293
80600060075491,600754600082
4290811180,4211429080
60409020600390,604060039120
8051612109906008,61210981516008
60409020600490,604060049120
60000154836001,54836001
908190600090,60008192
908190206000,8091206000
8054909190,908154
518290600190,5160018391
805481906001,8081546001
819081906000,8182916000
506040805190,506040516040
908290600090,6000839192
60000154826001,54826001
8483905060a0,8260a0
8054839290,82918154
60001916600380,60036003
600019169081,9081
906000191690,
9081908110,80809211
610c6491908390,9082610c6492
9092918391,92918193
9384939091,92839491
816000016001610100,816001610100
8484839050,8482
60008560001916,600085
9091829182,81929082
019060001916,0190
51600019166003,516003
8251909190,908251
612109906009906020,6009612109916020
60075460009081,60006007546000
61210990600a906020,600a612109916020
600d8190556007,600781600d55
61071e90839083,8261071e9183
506001939093,50926001
808051906020,8051816020
8054829081,81815481
9081902092,80912092
916135c7906135a990,6135a96135c79193
6000191660016003,60016003
908190556011,8091556011
50602454600090,506000602454
9020544290,42912054
51600019166001,516001
80600260405190,806040516002
60409020600a90,6040600a9120
60026003811115,60026001
815182906001,8180516001
600b60209081,6020600b6020
80811115611ca9,6001611ca9
5190509150,5192515050
9080805190,90805181
600380811115,60036001
806007549050,600754
9091169083,84921691
4290811015,4210429015
8061260360008090,80612603600080
6142d4926116b59190,6116b5906142d493
20600001600090,20600090
8390839080,82849180
8161259860008090,8161259860006000
918290206004,8092206004
9083908290,90818491
600480549091,600454600491
60026006811015,60026000
60016006811015,60016000
6000809050,6000
60046006811015,60046000
60006003811115,60006001
60036006811015,60036000
60016005811015,60016000
60006005811015,60006000
60026005811015,60026000
600681101515,80600611
6005806020026040,600560a06040
60002060000154,60002054
600190819055,600190556001
16600060038111,1660006000
8080803380,8081813333
5161210990600990,60096121099151
50610cc56008600090,50610cc560006008
356000348190,356000600034
6116b561038442613fb990,6116b5610384613fb942
5161210990600a90,600a6121099151
16600260038111,1660026000
513360008181,51336000336000
543360009081,546000336000
600a80549091,600a54600a91
600160026000506000,600160026000
918290206008,8092206008
156001151514,15
60243560008110,6024356000
902060001916,9020
6000600160009054,600080600154
5060016002600050,5060016002
9142918391,42918193
60128190556001,600181601255
5442908111,5442114290
600680548290,6006818154
8051905091,5191
60446024803590,60446024356024
816000905550,6000825550
60016003811115,60016001
9192909190,909192
606090819081,606060609182
338181166000,338133166000
600281018290,8160028201
60008360000151,60008351
6002905490610100,546002610100
50610c696005600090,50610c6960006005
808320600190,6001818420
60409020610c9490,6040610c949120
60006006811015,60006000
5490918291,81929054
600060009050,6000
15600114156107e2,6000106107e2
816000191681,8181
8051905014,5114
600060008214610db9,60008115610db9
908160001916,9081
50600060009054,5060008054
547f65da1cfc2c2e81576ad96afb24a581f8e109b7a403b35cbd3243a1c99efdb9ed908290,817f65da1cfc2c2e81576ad96afb24a581f8e109b7a403b35cbd3243a1c99efdb9ed9154
80600083600001,80600083
829060069081,600683916006
915060008214,80925015
600980548290,6009818154
829060079081,600783916007
819055506007,556007
9093849390,90928394
809050,
50600160009054,506000600154
805161071e906002,61071e81516002
602491909155,90602455
80600390,600381
9150905080,50905080
6001546000906001,60006001546001
80600a90602082,600a816020600a
6000506000846001,6000846001
151560011415,15
60000151826020,51826020
161515600114,161515
90506120259190,612025929150
3490819055,34905534
600061267285600001,600061267285
825460019093,6001835493
4291908211,4242929110
8114151561184b,811461184b
600081141515,8015
816000015182,815182
80600560199054,806019600554
60006006819055,60006006556000
506000811415,50801515
600d60209081,6020600d6020
8190819015,81829115
6000206000016000,6000206000
3460165461425b90,3461425b601654
9093925050,50929150
5060035476010000000000000000000000000000000000000000000090,50760100000000000000000000000000000000000000000000600354
9042908110,4242919211
600001600c6101000a,600c6101000a
018090506000,016000
825183906005,8283516005
33906104568282,33906104563382
5181600001600e,5181600e
8320929092,83919320
60046005811015,60046000
6000191681,81
600c80549091,600c54600c91
8090509291,9291
9081901580,80911580
600380548490,6003838154
50600c60009054,506000600c54
60000160006101000a,60006101000a
8190849084,83829184
6040513d604081,6040513d60403d
6001905490610100,546001610100
506000841480,50831580
81600001600d610100,81600d610100
60075433600090,600754600033
3390931682,92331682
600090819015,1560008091
60008160009055,600081556000
6000429050,42
60406000908120,60006040600020
6000806005601990,60008060196005
600019820191,6001820391
33600061250382612992,33600061250333612992
600090829082,8160009182
9190911781,81921790
805490610c2390,610c23815491
600091829110,1060008091
600082018054,818054
602092909190,90602092
546060908190,546060606091
60086000905490,6008546000
5181600001600d,5181600d
60006007549150,506007546000
600b918290,600b600b92
909103906001,6001920391
2060006001600090,20600060006001
84600019166000,846000
60008060075490,60006007546000
8220919091,82919220
8051935050,519250
60076002905490,6007546002
9092018290,819301
60208190,806020
81905550600d,55600d
600381101515,60038110
51815165ffffffffffff90,5165ffffffffffff8251
6108576040805190,6108576040516040
600f6000905490,6000600f5490
2034908190,20343491
9220919091,919220
809291906001,9190826001
9081908490,838192
6006546108379083,61083760065483
815460009081,6000825481
600081111515,801515
60096000905490,6009546000
6002819055,80600255
6000547f65da1cfc2c2e81576ad96afb24a581f8e109b7a403b35cbd3243a1c99efdb9ed9082,7f65da1cfc2c2e81576ad96afb24a581f8e109b7a403b35cbd3243a1c99efdb9ed60005482
6000811115610484,8015610484
80601890602082,60188160206018
80600c90602082,600c816020600c
90611b8590600590,6005611b859192
2054111515,20549010
600a8190556106ce,6106ce81600a55
6108fc82908115,816108fc8115
670de0b6b3a7640000906111939082,611193670de0b6b3a76400009182
4390829068010000000000000000,81439168010000000000000000
55506001600090,555060006001
615a31916116b59084,6116b5615a319284
60000160046101000a,60046101000a
55506000600090,555060006000
8291829190,82908392
60405181906001,806040516001
919091166020,9091166020
60000160106101000a,60106101000a
6722b1c8c1227a000090506113886125f8,506722b1c8c1227a00006113886125f8
600082015181,815181
54339061045682,33905461045633
9150839050,91505082
6064906139e790600a,6139e7606491600a
60026000600b600090,6002600080600b
600080831415,6000821515
600080823b90,6000813b81
506000811115,508015
82905490610100,5482610100
60206000209001,602060002001
9182902082,80922082
9190911716,90911716
81600001600c610100,81600c610100
206000505414,205414
60406040519081,604051604081
60056000905490,6005546000
805460ff9092,60ff815492
600019811015,801915
5181600001600c,5181600c
6000506000336001,6000336001
6000811080610300,600080610300
600b60208190,600b600b6020
8182915081,50808080
356000811080,3560006000
600291909102,908001
816000820180,818182
6002600050600033,6002600033
600034818111,60003434600010
8151819080,80825180
9091908181,82919281
8051915050,519050
819060009060ff,6000829160ff
206000808201,20600081
5461119f90670de0b6b3a764000090,670de0b6b3a764000061119f9154
600081829150,8080
836000018181,838181
5060005461187190,50611871600054
60002060005054,60002054
206000015481,205481
918290206001,8092206001
33803b8015,33333b8015
60038201600090,600082600301
1642818110,1642428211
80600960009054,806000600954
828260405191,6040518284
805460019091,6001815491
80600f60009054,806000600f54
600084915081,5082600084
902060019081,6001912081
166108fc829081,16816108fc83
60000151604051,51604051
8282905490,825482
906119fe929190,6119fe9291
5090505050,50505050
600092918290,6000928092
5443908290,81439154
61071e906002906020,600261071e916020
9081902081,80912081
600034819011,6000341515
806000849150,826000
819055506001,556001
600b6001905490,600b546001
503360008181,50336000336000
507f086c875b377f900b07ce03575813022f05dd10ed7640b5282cf6d3c3fc352ade918190,50807f086c875b377f900b07ce03575813022f05dd10ed7640b5282cf6d3c3fc352ade92
60008060008491,600082600082
602d60209081,6020602d6020
90602090600c90,600c60209192
907fce241d7ca1f669fee44b6fc00b8eba2df3bb514eed0f6f668f8f89096e81ed9490600090,60007fce241d7ca1f669fee44b6fc00b8eba2df3bb514eed0f6f668f8f89096e81ed949192
8351928390,83518093
9083908390,82849192
80600d90602082,600d816020600d
60005433906001,336000546001
60076000905490,6007546000
8190555034,5534
600001600e6101000a,600e6101000a
8054915050,549050
51816000016000,51816000
8181555050,55
602001508015,508015
90819061056681,816105668293
600019810190,6001810390
805490506000,546000
600102905080,905080
516002919091,51906002
600580549091,600554600591
7f7050c9e0f4ca769c69bd3a8ef740bc37934f8e2c036e5a723fd8ee048ed3f8c36001029050,507f7050c9e0f4ca769c69bd3a8ef740bc37934f8e2c036e5a723fd8ee048ed3f8c3
807f7050c9e0f4ca769c69bd3a8ef740bc37934f8e2c036e5a723fd8ee048ed3f8c360010290,7f7050c9e0f4ca769c69bd3a8ef740bc37934f8e2c036e5a723fd8ee048ed3f8c381
80546106d99083,6106d9815483
6133b59082906003,816133b5916003
9067016345785d8a0000908190,67016345785d8a000067016345785d8a00009192
816000016004610100,816004610100
600001600d6101000a,600d6101000a
60002060008201,60002081
838382906000,8381846000
600f80549091,600f54600f91
9081905590,80929155
6112eb600073ffffffffffffffffffffffffffffffffffffffff1682,6112eb600082
61092b90600590600c,600561092b91600c
6000546004600090,60005460006004
816000016010610100,816010610100
9317929092,919317
8054905090,5490
51816000016004,51816004
5191909114,51909114
503360009081,506000336000
906020015080,905080
600042905090,4290
600080543390,600033600054
600581905550,600555
600082015481,815481
600b81905550,600b55
42101515610b2d,4210610b2d
504260098190,5042426009
90506b04d8c55aefb8c05b5c0000008190,9050806b04d8c55aefb8c05b5c000000
60006007549050,600754
60006006549050,600654
9192915050,505090
8051905050,50
916133b5908290,91816133b591
60009081906001,600080916001
9091019055,8201915055
51816000016010,51816010
6000600060009054,600060008054
60006005549050,600554
818116600090,6000818316
6000906132c99060ff,6132c960009160ff
600754610d0e9083,610d0e60075483
8083838290,80838284
8101918290,81018092
9150905490,549150
9290920180,90920180
61014f6004805050,61014f
805190506001,516001
554260019081,556001426001
60015460009033,600060015433
600001819055,819055
9091908290,81929190
338116600090,6000813316
16600260009054,166000600254
826040519081,6040518381
602480359190,602435906024
5091905050,50915050
9150819050,91505080
9192839290,8293
80600390602082,60038160206003
6114dc908290611168,816114dc91611168
5060405173b68884048cdd9f3d67a94c9586068c024d8679ca90,5073b68884048cdd9f3d67a94c9586068c024d8679ca604051
604080519190,604051906040
90206110529082,611052912082
3390506116e082,50336116e082
60408051602090,60406020604051
517f7805862f689e2f13df9f062ff482ad3ad112aca9e0847911ed832e158c525b3390600090,5160007f7805862f689e2f13df9f062ff482ad3ad112aca9e0847911ed832e158c525b3391
9081908180,80918283
906040518090,9060405180
9117918290,91178092
546000680100000000000000009091,6801000000000000000060009154
60006020020151,51
5060045461010090,50610100600454
818101600090,6000828201
6040517f7805862f689e2f13df9f062ff482ad3ad112aca9e0847911ed832e158c525b33906000,7f7805862f689e2f13df9f062ff482ad3ad112aca9e0847911ed832e158c525b336040516000
600a54905090,50600a5490
50825060016000,5060016000
80600360159054,806015600354
6316c72721906064906020,60646316c72721916020
516000908190,6000809151
9190910162010000,90910162010000
600102905081,905081
600354905090,5060035490
9050505050,50505050
925082506001,92506001
919091016004,9091016004
436001908101,600143600101
346040518090,3460405180
81600001600e610100,81600e610100
815165ffffffffffff9091,65ffffffffffff825191
506008543390,5033600854
600960209081,6020600981
60405160009081,60006040516000
9291908290,92809291
9190915550,905055
8054919091,908154
9293919293,939192
9193928390,91938093
600254905090,5060025490
5090919050,505090
506005546a7c13bc4b2c133c5600000090,506a7c13bc4b2c133c56000000600554
906316c7272190606490,60646316c727219192
60006008549050,600854
600080549050,600054
60035460009081,600060035481
6000600360009054,60006000600354
6001905090,50600190
808201600090,6000828201
60005461148b9091,61148b60005491
816000820154,818154
60009050,506000
600560209081,602060056020
60006003549050,600354
600a81905550,600a55
80516000906001,600081516001
819055506008,556008
91149050610c8f,5014610c8f
8190819081,81809183
5181101515,518110
018360001916,0183
900a6701000000000000009091,670100000000000000910a91
9193508391,82941550
3360008181,3360003381
9091149050,905014
905542600190,9055600142
6000806003601590,6000600060156003
9182902080,80922080
6000600a549050,600a54
600590600c9082,600c60059182
60006000549050,600054
604051809050,604051
600360209081,602060036020
808260001916,8082
60006107796004601490,600061077960146004
356000191690,3590
600080821115,60008115
60006002549050,600254
816000191690,8190
600090349082,3460009182
508060001916,5080
166000191681,1681
803560001916,8035
60006004359150,506004356000
808216600090,6000828216
9190819081,91809181
8051918290,80518092
9190911490,82149150
60008082016000,6000816000
604080519290,604051916040
600090505a91,5060005a91
80905060006040,60006040
7f0f6798a560793a54c3bcfe86a93cde1e73087d944c0ea20544137d412139688592918290,7f0f6798a560793a54c3bcfe86a93cde1e73087d944c0ea20544137d4121396885928092
518090506000,516000
906000903490,3460009192
8116929092,81939116
917f56b138798bd325f6cc79f626c4644aa2fd6703ecb0ab0fb168f883caed75bf32918190,91807f56b138798bd325f6cc79f626c4644aa2fd6703ecb0ab0fb168f883caed75bf3292
604081208190,8060408120
908190600160a0,8091600160a0
9091908190,82919290
9091168117,81921617
80823b9050,813b
60078160001916,600781
600954905090,5060095490
60026000905490,6002546000
8051348082,8051343482
805433906001,3381546001
60045460009081,60006004546000
600090819060a0,600060009160a0
808560001916,8085
91927fb33527d2e0d30b7aece2c5e82927985866c1b75173d671c14f4457bf67aa69109290,7fb33527d2e0d30b7aece2c5e82927985866c1b75173d671c14f4457bf67aa69109293
803560009081,6000813581
600454905090,5060045490
6000600060043591,600435600080
604091829020,6040809220
90505090,505090
7fce241d7ca1f669fee44b6fc00b8eba2df3bb514eed0f6f668f8f89096e81ed946040518090,7fce241d7ca1f669fee44b6fc00b8eba2df3bb514eed0f6f668f8f89096e81ed9460405180
83826114729091,8161147285
909150611eac90,611eac919250
9290920191,83019250
903373ffffffffffffffffffffffffffffffffffffffff9081,9073ffffffffffffffffffffffffffffffffffffffff3373ffffffffffffffffffffffffffffffffffffffff
600580548291,806005546005
60025460009081,60006002546000
6000806003600090,600080806003
82111515610ab1,8211610ab1
506002919091,50906002
908160008201,908181
60008073ffffffffffffffffffffffffffffffffffffffff1683,6000600083
9392918290,93928092
600090819033,600060009133
604080519081,604051604081
600260208190,600260026020
600981905550,600955
6002806020026040,6002604080
80600073ffffffffffffffffffffffffffffffffffffffff1684,80600084
600e54909150,9050600e54
819055506002,556002
6000903373ffffffffffffffffffffffffffffffffffffffff90,60009073ffffffffffffffffffffffffffffffffffffffff33
6004806020026040,600460806040
819081906001,8180916001
8051600e5490,600e548151
60006004549050,600454
546000908190,5460008091
600b5460009081,6000600b5481
8051905092,5192
600001549150,549150
9081902080,80912080
9190911791,90911791
8190555042,5542
5481908190,81829154
9293905050,92931150
54600090690100000000000000000090,546901000000000000000000600091
60503460001415,6050341515
9193929183,84939294
600160209081,602060016020
3490811502,3415023490
60026004548115,60026004546000
80905060206040,60206040
60019081556005,60015560016005
50600060149054,506014600054
604080513480,60406040513434
60046000905490,6004546000
5a9050601b81,505a601b5a
600881905550,600855
9192919290,929190
9116919091,929116
9190505050,505050
9192918390,92918093
610a3a908390611168,82610a3a91611168
600092909190,90600092
600360208190,600360036020
60016000905490,6001546000
9081902054,80912054
8290349082,34839182
6106d99083906001,826106d9916001
600190910190,9060010190
600d60e060020a90,60e060020a600d
600073ffffffffffffffffffffffffffffffffffffffff167fddf252ad1be2c89b69c2b068fc378daa952ba7f163c4a11628f55a4df523b3ef83,60007fddf252ad1be2c89b69c2b068fc378daa952ba7f163c4a11628f55a4df523b3ef83
909120600290,6002919220
600081905550,600055
73b68884048cdd9f3d67a94c9586068c024d8679ca9060009034,600073b68884048cdd9f3d67a94c9586068c024d8679ca9134
9081908190,808192
600183028401,838301
9080803590,90803581
8120919091,81929120
600090819081,60006000916000
5490919081,54829192
315a9050601b,505a601b
902090506000,9150206000
8051925050,519150
611a4a904390610d2e,43611a4a91610d2e
7fddf252ad1be2c89b69c2b068fc378daa952ba7f163c4a11628f55a4df523b3ef92908190,7fddf252ad1be2c89b69c2b068fc378daa952ba7f163c4a11628f55a4df523b3ef928091
9291905050,92915050
90819055600d,809155600d
9190911790,82179150
9092019091,8301919250
439190600390,6003439291
90546109b59190,6109b59154
80600101600090,600060018201
9116149050,92501614
5091929192,509291
600b54905090,50600b5490
80600101600890,600881600101
7f87e97e825a1d1fa0c54e1d36c7506c1dea8b1efd451fe68b000cf96f7cf4000392908290,817f87e97e825a1d1fa0c54e1d36c7506c1dea8b1efd451fe68b000cf96f7cf400039391
9190911780,90911780
805460019081,600181546001
806000015491,805491
9020819081,82912082
600660209081,602060066020
6004819055,80600455
600b54909150,9050600b54
611eac9082906001,81611eac916001
9190819084,91809184
600654905090,5060065490
6004805050610151,610151
8036038101,36
927f0f0c27adfd84b60b6f456b0e87cdccb1e5fb9603991588d87fa99f5b6b61e670928290,92817f0f0c27adfd84b60b6f456b0e87cdccb1e5fb9603991588d87fa99f5b6b61e67093
600754905090,5060075490
309050600754,5030600754
907fddf252ad1be2c89b69c2b068fc378daa952ba7f163c4a11628f55a4df523b3ef908490,837fddf252ad1be2c89b69c2b068fc378daa952ba7f163c4a11628f55a4df523b3ef9192
60019050,506001
8082805190,80825183
600760209081,602060076020
600080821480,6000811580
90611a4a904390,9043611a4a91
3360009081,60003381
517f1e0b760c386003e9cb9bcf4fcf3997886042859d9b6ed6320e804597fcdb28b0918190,51807f1e0b760c386003e9cb9bcf4fcf3997886042859d9b6ed6320e804597fcdb28b092
426001908155,426001556001
819055506004,556004
7f3f7f2eda73683c21a15f9435af1028c93185b5f1fa38270762dc32be606b3e8591908190,90807f3f7f2eda73683c21a15f9435af1028c93185b5f1fa38270762dc32be606b3e8592
60015460009081,600060015481
9081906c0100000000000000000000000090,6c010000000000000000000000008192
8101919091,81929101
80600260149054,806014600254
8054819081,80805482
516020929092,51916020
9101905190,519101
5482901080,54821180
50611eac908290,5081611eac91
604090819020,6040809120
6000606060048101,600060606064
805160209091,6020815191
8110151515,811015
9051908190,90518091
908190336001,8091336001
5080915050,509050
805460029091,6002815491
506000809054,5060008054
0191908190,01918091
9091169063454a2ab3,63454a2ab3921691
547f16c727210000000000000000000000000000000000000000000000000000000060609081,5460607f16c72721000000000000000000000000000000000000000000000000000000006060
60003090506007,306007
819081906c01000000000000000000000000,8180916c01000000000000000000000000
54612ae0909190,5490612ae0
809050604051,604051
9092919050,509190
60006000905490,6000546000
600019163373ffffffffffffffffffffffffffffffffffffffff,3373ffffffffffffffffffffffffffffffffffffffff
6108fc34908115,346108fc3415
518090506040,516040
60001916826000,826000
50600460009054,506000600454
918290556040,8092556040
806000191682,8082
6101006040519081,60405161010081
826000191633,8233
82600019166000,826000
600781905550,600755
8183039050,50808203
604090208190,6040829120
8051905090,5190
0181905550,0155
6001549050,50600154
8082151515,808215
5180519050,5151
60008060009054,6000808054
9182902054,80922054
600381905550,600355
6000600b549050,600b54
8250600160006014,600160006014
2054819010,20548111
9283929083,91829383
9050809150,91505080
16151515610ed9,1615610ed9
806008819055,8080600855
2081905550,2055
909155600990,60099255
16600360009054,166000600354
9120919091,929120
600a60209081,6020600a81
8190819033,81829133
519060200150,519050
60008311156125e4,82156125e4
60026005548115,60026005546000
85600019166000,856000
600554905090,5060055490
2081908190,20818091
9091556115ca90,6115ca9255
808490506112bb,836112bb
9394909390,909394
5033909216,50913316
6064906020906004,60206064916004
7fddf252ad1be2c89b69c2b068fc378daa952ba7f163c4a11628f55a4df523b3ef92918190,807fddf252ad1be2c89b69c2b068fc378daa952ba7f163c4a11628f55a4df523b3ef9392
8093929190,92919083
600090811a90,60001a6000
600854905090,5060085490
8190555081,5581
0190919050,505090
206000915090,2090506000
508060000154,508054
9283902080,80932080
6000806002601490,6000600060146002
60649060443590,604435606491
825160209290,6020918351
6005819055,80600555
600190509190,5090600191
3390921692,91331692
60055460009081,600060055481
50600360009054,506000600354
905560028190,8291556002
600190509291,5060019291
9082903490,90348391
1901801990,038019
8111151515,811115
8051905015,5115
6004546106df9083,6106df60045483
600460209081,602060046020
602480359081,602435602481
5081101515,508110
83600019166000,836000
600019169055,9055
600861010060405190,6008604051610100
602435905080,5060243580
80600101601890,601881600101
620100004364ffffffffff9081,6201000064ffffffffff4381
819055506000,556000
60048035906024,60043560046024
8054819033,80805433
5461ffff929092,549161ffff
60001916906020,906020
6000905061148b,50600061148b
60078190556001,600181600755
6001905061148b,50600161148b
9092509050,91509150
8381101515,838110
919091176bffffffffff00000000000000,9091176bffffffffff00000000000000
6002600080600090,60026000600080
6040600481016000,604060446000
600036905010,3610
9290921780,90921780
348015610139,343415610139
8190555080,5580
80905490610100,805490610100
808035906020,8035816020
61037a6004803590,61037a6004356004
9092169116,8316925016
906024803590,906024356024
9192905050,91925050
8092919081,91908281
612a0390919063ffffffff,90612a0363ffffffff
600190910180,9060010180
016000369050,0136
9050919050,92915050
60405160405180,6040518081
82612a03909190,8290612a03
508060088190,5080806008
9150915050,50915050
604080842090,604083206040
816003819055,8160035581
9150505050,01105050
816007819055,8160075581
6008905490610100,546008610100
600480803590,600460043581
7f7805862f689e2f13df9f062ff482ad3ad112aca9e0847911ed832e158c525b33604051604051,7f7805862f689e2f13df9f062ff482ad3ad112aca9e0847911ed832e158c525b3360405180
925080600001,925080
600860209081,602060086020
80516000602091,602060008251
9091839190,839192
600190811790,6001176001
600260209081,602060026020
600080548190,600060008054
600090812090,6000206000
9081900390,80910390
9050925050,93010150
60025460009033,600060025433
8092919082,91908282
6040516000604051,604051600081
0191505050,50505050
1515151581,151581
600073ffffffffffffffffffffffffffffffffffffffff168173ffffffffffffffffffffffffffffffffffffffff,60008173ffffffffffffffffffffffffffffffffffffffff
600080905490,6000546000
600154101515,60015410
9091905050,509050
5081905550,5055
3390911681,90331681
60036000905490,6003546000
81101515611717,8110611717
8190555050,5550
603281101515,60328110
8190555033,5533
8190555030,5530
9150905054,50549050
60405163ffffffff9091,63ffffffff60405191
60005461064b9033,61064b60005433
9091169055,8216915055
60020a918290,60020a8092
600091505490,5490506000
9293918390,80939492
9091179055,8217915055
9091554390,439255
9391928290,93809293
600190509392,5060019392
8151908190,81518091
1515156120c0,156120c0
600091509050,9050
600481905550,600455
5481901015,54811115
806000905490,80546000
9050101515,905010
81905550611736,55611736
6000905490610100,546000610100
6014905490610100,546014610100
8091505092,905092
206000905490,20546000
8284019050,50828201
